id,lang,title,path,main_topic_number,main_topic_dir,subtopic_number,subtopic_dir,slug,review_status,translation_status,source_count,opened_at,canonical
LAP-01-01,hu,Zeichensatz ASCII,01_Grundlagen_in_der_Informationstechnik/01_Zeichensatz_ASCII/README.md,01,01_Grundlagen_in_der_Informationstechnik,01,01_Zeichensatz_ASCII,01-01-zeichensatz_ascii,draft,de_complete,7,2026-04-08,True
LAP-01-02,hu,Einheiten Bit und Byte,01_Grundlagen_in_der_Informationstechnik/02_Einheiten_Bit_und_Byte/README.md,01,01_Grundlagen_in_der_Informationstechnik,02,02_Einheiten_Bit_und_Byte,01-02-einheiten_bit_und_byte,draft,de_complete,7,2026-04-08,True
LAP-01-03,hu,"Gigabyte, Terabyte, Petabyte, Exabyte",01_Grundlagen_in_der_Informationstechnik/03_Gigabyte_Terabyte_Petabyte_Exabyte/README.md,01,01_Grundlagen_in_der_Informationstechnik,03,03_Gigabyte_Terabyte_Petabyte_Exabyte,01-03-gigabyte_terabyte_petabyte_exabyte,draft,de_complete,4,2026-04-08,True
LAP-01-04,hu,"Gibibyte, Tebibyte, Pebibyte, Exbibyte",01_Grundlagen_in_der_Informationstechnik/04_Gibibyte_Tebibyte_Pebibyte_Exbibyte/README.md,01,01_Grundlagen_in_der_Informationstechnik,04,04_Gibibyte_Tebibyte_Pebibyte_Exbibyte,01-04-gibibyte_tebibyte_pebibyte_exbibyte,draft,de_complete,6,2026-04-08,True
LAP-01-05,hu,Zahlensysteme in der IT,01_Grundlagen_in_der_Informationstechnik/05_Zahlensysteme_in_der_IT/README.md,01,01_Grundlagen_in_der_Informationstechnik,05,05_Zahlensysteme_in_der_IT,01-05-zahlensysteme_in_der_it,draft,de_complete,5,2026-04-08,True
LAP-01-06,hu,"Umwandlung zwischen Binär-, Dezimal- und Hexadezimalzahlen",01_Grundlagen_in_der_Informationstechnik/06_Umwandlung_Binaer_Dezimal_Hexadezimal/README.md,01,01_Grundlagen_in_der_Informationstechnik,06,06_Umwandlung_Binaer_Dezimal_Hexadezimal,01-06-umwandlung_binaer_dezimal_hexadezimal,draft,de_complete,5,2026-04-08,True
LAP-01-07,hu,Logikschaltungen und Wahrheitstabellen,01_Grundlagen_in_der_Informationstechnik/07_Logikschaltungen_und_Wahrheitstabellen/README.md,01,01_Grundlagen_in_der_Informationstechnik,07,07_Logikschaltungen_und_Wahrheitstabellen,01-07-logikschaltungen_und_wahrheitstabellen,draft,de_complete,3,2026-04-08,True
LAP-02-01,hu,Begriff Betriebssystem,02_Betriebssysteme_und_Software/01_Begriff_Betriebssystem/README.md,02,02_Betriebssysteme_und_Software,01,01_Begriff_Betriebssystem,02-01-begriff_betriebssystem,draft,de_complete,3,2026-04-08,True
LAP-02-02,hu,Marktfuehrende Betriebssysteme,02_Betriebssysteme_und_Software/02_Marktfuehrende_Betriebssysteme/README.md,02,02_Betriebssysteme_und_Software,02,02_Marktfuehrende_Betriebssysteme,02-02-marktfuehrende_betriebssysteme,draft,de_complete,5,2026-04-08,True
LAP-02-03,hu,Desktop Betriebssysteme,02_Betriebssysteme_und_Software/03_Desktop_Betriebssysteme/README.md,02,02_Betriebssysteme_und_Software,03,03_Desktop_Betriebssysteme,02-03-desktop_betriebssysteme,draft,de_complete,4,2026-04-08,True
LAP-02-04,hu,Begriff Firmware,02_Betriebssysteme_und_Software/04_Begriff_Firmware/README.md,02,02_Betriebssysteme_und_Software,04,04_Begriff_Firmware,02-04-begriff_firmware,draft,de_complete,3,2026-04-08,True
LAP-02-05,hu,Systemprogramm und Anwendungsprogramm,02_Betriebssysteme_und_Software/05_Systemprogramm_und_Anwendungsprogramm/README.md,02,02_Betriebssysteme_und_Software,05,05_Systemprogramm_und_Anwendungsprogramm,02-05-systemprogramm_und_anwendungsprogramm,draft,de_complete,4,2026-04-08,True
LAP-02-06,hu,Multitasking Betriebssystem,02_Betriebssysteme_und_Software/06_Multitasking_Betriebssystem/README.md,02,02_Betriebssysteme_und_Software,06,06_Multitasking_Betriebssystem,02-06-multitasking_betriebssystem,draft,de_complete,3,2026-04-08,True
LAP-02-07,hu,Single-User-System und Multi-User-System,02_Betriebssysteme_und_Software/07_Single_User_und_Multi_User_System/README.md,02,02_Betriebssysteme_und_Software,07,07_Single_User_und_Multi_User_System,02-07-single_user_und_multi_user_system,draft,de_complete,3,2026-04-08,True
LAP-02-08,hu,Powershell Grundlagen,02_Betriebssysteme_und_Software/08_Powershell_Grundlagen/README.md,02,02_Betriebssysteme_und_Software,08,08_Powershell_Grundlagen,02-08-powershell_grundlagen,draft,de_complete,7,2026-04-08,True
LAP-02-09,hu,Grafische Oberflaechen unter Linux,02_Betriebssysteme_und_Software/09_Grafische_Oberflaechen_unter_Linux/README.md,02,02_Betriebssysteme_und_Software,09,09_Grafische_Oberflaechen_unter_Linux,02-09-grafische_oberflaechen_unter_linux,draft,de_complete,5,2026-04-08,True
LAP-02-10,hu,Begriff Dateisystem,02_Betriebssysteme_und_Software/10_Begriff_Dateisystem/README.md,02,02_Betriebssysteme_und_Software,10,10_Begriff_Dateisystem,02-10-begriff_dateisystem,draft,de_complete,4,2026-04-08,True
LAP-03-01,hu,Smartphones technische Merkmale,03_Betreuung_von_mobiler_Hardware/01_Smartphones_technische_Merkmale/README.md,03,03_Betreuung_von_mobiler_Hardware,01,01_Smartphones_technische_Merkmale,03-01-smartphones_technische_merkmale,draft,de_complete,8,2026-04-08,True
LAP-03-02,hu,Tablets technische Merkmale,03_Betreuung_von_mobiler_Hardware/02_Tablets_technische_Merkmale/README.md,03,03_Betreuung_von_mobiler_Hardware,02,02_Tablets_technische_Merkmale,03-02-tablets_technische_merkmale,draft,de_complete,3,2026-04-08,True
LAP-03-03,hu,Android Grundlagen,03_Betreuung_von_mobiler_Hardware/03_Android_Grundlagen/README.md,03,03_Betreuung_von_mobiler_Hardware,03,03_Android_Grundlagen,03-03-android_grundlagen,draft,de_complete,4,2026-04-08,True
LAP-03-04,hu,iOS Grundlagen,03_Betreuung_von_mobiler_Hardware/04_iOS_Grundlagen/README.md,03,03_Betreuung_von_mobiler_Hardware,04,04_iOS_Grundlagen,03-04-ios_grundlagen,draft,de_complete,4,2026-04-08,True
LAP-03-05,hu,Begriff QR-Code,03_Betreuung_von_mobiler_Hardware/05_Begriff_QR_Code/README.md,03,03_Betreuung_von_mobiler_Hardware,05,05_Begriff_QR_Code,03-05-begriff_qr_code,draft,de_complete,3,2026-04-08,True
LAP-03-06,hu,Geschlossene Systeme und App Store,03_Betreuung_von_mobiler_Hardware/06_Geschlossene_Systeme_und_App_Store/README.md,03,03_Betreuung_von_mobiler_Hardware,06,06_Geschlossene_Systeme_und_App_Store,03-06-geschlossene_systeme_und_app_store,draft,de_complete,5,2026-04-08,True
LAP-04-01,hu,Aufgabe und Strukturierung von Testläufen,04_Technische_Dokumentation_Projektarbeit_Schulungen/01_Aufgabe_und_Strukturierung_von_Testlaeufen/README.md,04,04_Technische_Dokumentation_Projektarbeit_Schulungen,01,01_Aufgabe_und_Strukturierung_von_Testlaeufen,04-01-aufgabe_und_strukturierung_von_testlaeufen,draft,de_complete,3,2026-04-08,True
LAP-04-02,hu,Protokollieren technischer Arbeiten,04_Technische_Dokumentation_Projektarbeit_Schulungen/02_Protokollieren_technischer_Arbeiten/README.md,04,04_Technische_Dokumentation_Projektarbeit_Schulungen,02,02_Protokollieren_technischer_Arbeiten,04-02-protokollieren_technischer_arbeiten,draft,de_complete,3,2026-04-08,True
LAP-04-03,hu,Inhalt einer technischen Dokumentation,04_Technische_Dokumentation_Projektarbeit_Schulungen/03_Inhalt_technischer_Dokumentation/README.md,04,04_Technische_Dokumentation_Projektarbeit_Schulungen,03,03_Inhalt_technischer_Dokumentation,04-03-inhalt_technischer_dokumentation,draft,de_complete,3,2026-04-08,True
LAP-04-04,hu,Aufbereitung technischer Dokumentation,04_Technische_Dokumentation_Projektarbeit_Schulungen/04_Aufbereitung_technischer_Dokumentation/README.md,04,04_Technische_Dokumentation_Projektarbeit_Schulungen,04,04_Aufbereitung_technischer_Dokumentation,04-04-aufbereitung_technischer_dokumentation,draft,de_complete,3,2026-04-08,True
LAP-04-05,hu,Roll-out Ablauf und Prozessschritte,04_Technische_Dokumentation_Projektarbeit_Schulungen/05_Rollout_Ablauf_und_Prozessschritte/README.md,04,04_Technische_Dokumentation_Projektarbeit_Schulungen,05,05_Rollout_Ablauf_und_Prozessschritte,04-05-rollout_ablauf_und_prozessschritte,draft,de_complete,4,2026-04-08,True
LAP-04-06,hu,Gestaltung und Vorbereitung von Präsentationen,04_Technische_Dokumentation_Projektarbeit_Schulungen/06_Gestaltung_und_Vorbereitung_von_Praesentationen/README.md,04,04_Technische_Dokumentation_Projektarbeit_Schulungen,06,06_Gestaltung_und_Vorbereitung_von_Praesentationen,04-06-gestaltung_und_vorbereitung_von_praesentationen,draft,de_complete,3,2026-04-08,True
LAP-05-01,hu,DSGVO Grundlagen,05_Gesetzliche_Bestimmungen/01_DSGVO_Grundlagen/README.md,05,05_Gesetzliche_Bestimmungen,01,01_DSGVO_Grundlagen,05-01-dsgvo_grundlagen,draft,de_complete,4,2026-04-08,True
LAP-05-02,hu,Datenminimierung,05_Gesetzliche_Bestimmungen/02_Datenminimierung/README.md,05,05_Gesetzliche_Bestimmungen,02,02_Datenminimierung,05-02-datenminimierung,draft,de_complete,3,2026-04-08,True
LAP-05-03,hu,"Betroffene Personen, Verantwortlicher, Auftragsverarbeiter",05_Gesetzliche_Bestimmungen/03_Betroffene_Verantwortlicher_Auftragsverarbeiter/README.md,05,05_Gesetzliche_Bestimmungen,03,03_Betroffene_Verantwortlicher_Auftragsverarbeiter,05-03-betroffene_verantwortlicher_auftragsverarbeiter,draft,de_complete,4,2026-04-08,True
LAP-05-04,hu,Rechte betroffener Personen,05_Gesetzliche_Bestimmungen/04_Rechte_betroffener_Personen/README.md,05,05_Gesetzliche_Bestimmungen,04,04_Rechte_betroffener_Personen,05-04-rechte_betroffener_personen,draft,de_complete,3,2026-04-08,True
LAP-05-05,hu,Personenbezogene und sensible Daten,05_Gesetzliche_Bestimmungen/05_Personenbezogene_und_sensible_Daten/README.md,05,05_Gesetzliche_Bestimmungen,05,05_Personenbezogene_und_sensible_Daten,05-05-personenbezogene_und_sensible_daten,draft,de_complete,4,2026-04-08,True
LAP-05-06,hu,Kopplungsverbot,05_Gesetzliche_Bestimmungen/06_Kopplungsverbot/README.md,05,05_Gesetzliche_Bestimmungen,06,06_Kopplungsverbot,05-06-kopplungsverbot,draft,de_complete,3,2026-04-08,True
LAP-05-07,hu,Datenschutzbeauftragter,05_Gesetzliche_Bestimmungen/07_Datenschutzbeauftragter/README.md,05,05_Gesetzliche_Bestimmungen,07,07_Datenschutzbeauftragter,05-07-datenschutzbeauftragter,draft,de_complete,4,2026-04-08,True
LAP-05-08,hu,Pflichten bei Datendiebstahl,05_Gesetzliche_Bestimmungen/08_Pflichten_bei_Datendiebstahl/README.md,05,05_Gesetzliche_Bestimmungen,08,08_Pflichten_bei_Datendiebstahl,05-08-pflichten_bei_datendiebstahl,draft,de_complete,4,2026-04-08,True
LAP-05-09,hu,Urheberrecht Grundbegriffe,05_Gesetzliche_Bestimmungen/09_Urheberrecht_Grundbegriffe/README.md,05,05_Gesetzliche_Bestimmungen,09,09_Urheberrecht_Grundbegriffe,05-09-urheberrecht_grundbegriffe,draft,de_complete,3,2026-04-08,True
LAP-05-10,hu,Gewaehrleistung und Garantie,05_Gesetzliche_Bestimmungen/10_Gewaehrleistung_und_Garantie/README.md,05,05_Gesetzliche_Bestimmungen,10,10_Gewaehrleistung_und_Garantie,05-10-gewaehrleistung_und_garantie,draft,de_complete,3,2026-04-08,True
LAP-05-11,hu,Entsorgung von Elektronikschrott,05_Gesetzliche_Bestimmungen/11_Entsorgung_von_Elektronikschrott/README.md,05,05_Gesetzliche_Bestimmungen,11,11_Entsorgung_von_Elektronikschrott,05-11-entsorgung_von_elektronikschrott,draft,de_complete,4,2026-04-08,True
LAP-05-12,hu,E_Commerce Gesetz,05_Gesetzliche_Bestimmungen/12_E_Commerce_Gesetz/README.md,05,05_Gesetzliche_Bestimmungen,12,12_E_Commerce_Gesetz,05-12-e_commerce_gesetz,draft,de_complete,4,2026-04-08,True
LAP-05-13,hu,Telekom Gesetz,05_Gesetzliche_Bestimmungen/13_Telekom_Gesetz/README.md,05,05_Gesetzliche_Bestimmungen,13,13_Telekom_Gesetz,05-13-telekom_gesetz,draft,de_complete,4,2026-04-08,True
LAP-05-14,hu,Impressumspflicht,05_Gesetzliche_Bestimmungen/14_Impressumspflicht/README.md,05,05_Gesetzliche_Bestimmungen,14,14_Impressumspflicht,05-14-impressumspflicht,draft,de_complete,3,2026-04-08,True
LAP-05-15,hu,Pflichtangaben im E_Mail_Verkehr,05_Gesetzliche_Bestimmungen/15_Pflichtangaben_im_E_Mail_Verkehr/README.md,05,05_Gesetzliche_Bestimmungen,15,15_Pflichtangaben_im_E_Mail_Verkehr,05-15-pflichtangaben_im_e_mail_verkehr,draft,de_complete,5,2026-04-08,True
LAP-05-16,hu,Bildschirmpausen,05_Gesetzliche_Bestimmungen/16_Bildschirmpausen/README.md,05,05_Gesetzliche_Bestimmungen,16,16_Bildschirmpausen,05-16-bildschirmpausen,draft,de_complete,3,2026-04-08,True
LAP-06-01,hu,Domain Subdomain Top Level Domain,06_Netzwerkdienste/01_Domain_Subdomain_Top_Level_Domain/README.md,06,06_Netzwerkdienste,01,01_Domain_Subdomain_Top_Level_Domain,06-01-domain_subdomain_top_level_domain,draft,de_complete,5,2026-04-08,True
LAP-06-02,hu,HTTP und HTTPS,06_Netzwerkdienste/02_HTTP_und_HTTPS/README.md,06,06_Netzwerkdienste,02,02_HTTP_und_HTTPS,06-02-http_und_https,draft,de_complete,6,2026-04-08,True
LAP-06-03,hu,Funktionsprinzip Mail Server,06_Netzwerkdienste/03_Funktionsprinzip_Mail_Server/README.md,06,06_Netzwerkdienste,03,03_Funktionsprinzip_Mail_Server,06-03-funktionsprinzip_mail_server,draft,de_complete,4,2026-04-08,True
LAP-06-04,hu,POP3 und POP3S,06_Netzwerkdienste/04_POP3_und_POP3S/README.md,06,06_Netzwerkdienste,04,04_POP3_und_POP3S,06-04-pop3_und_pop3s,draft,de_complete,3,2026-04-08,True
LAP-06-05,hu,IMAP und IMAPS,06_Netzwerkdienste/05_IMAP_und_IMAPS/README.md,06,06_Netzwerkdienste,05,05_IMAP_und_IMAPS,06-05-imap_und_imaps,draft,de_complete,3,2026-04-08,True
LAP-06-06,hu,SMTP und SMTPS,06_Netzwerkdienste/06_SMTP_und_SMTPS/README.md,06,06_Netzwerkdienste,06,06_SMTP_und_SMTPS,06-06-smtp_und_smtps,draft,de_complete,4,2026-04-08,True
LAP-06-07,hu,FTP und FTPS,06_Netzwerkdienste/07_FTP_und_FTPS/README.md,06,06_Netzwerkdienste,07,07_FTP_und_FTPS,06-07-ftp_und_ftps,draft,de_complete,4,2026-04-08,True
LAP-06-08,hu,SSL,06_Netzwerkdienste/08_SSL/README.md,06,06_Netzwerkdienste,08,08_SSL,06-08-ssl,draft,de_complete,4,2026-04-08,True
LAP-06-09,hu,Cloud Computing,06_Netzwerkdienste/09_Cloud_Computing/README.md,06,06_Netzwerkdienste,09,09_Cloud_Computing,06-09-cloud_computing,draft,de_complete,3,2026-04-08,True
LAP-06-10,hu,Private Public Hybrid Cloud,06_Netzwerkdienste/10_Private_Public_Hybrid_Cloud/README.md,06,06_Netzwerkdienste,10,10_Private_Public_Hybrid_Cloud,06-10-private_public_hybrid_cloud,draft,de_complete,4,2026-04-08,True
LAP-06-11,hu,IaaS PaaS SaaS,06_Netzwerkdienste/11_IaaS_PaaS_SaaS/README.md,06,06_Netzwerkdienste,11,11_IaaS_PaaS_SaaS,06-11-iaas_paas_saas,draft,de_complete,3,2026-04-08,True
LAP-06-12,hu,Bekannte Cloud Dienste,06_Netzwerkdienste/12_Bekannte_Cloud_Dienste/README.md,06,06_Netzwerkdienste,12,12_Bekannte_Cloud_Dienste,06-12-bekannte_cloud_dienste,draft,de_complete,7,2026-04-08,True
LAP-06-13,hu,Kriterien fuer Cloud Dienste,06_Netzwerkdienste/13_Kriterien_fuer_Cloud_Dienste/README.md,06,06_Netzwerkdienste,13,13_Kriterien_fuer_Cloud_Dienste,06-13-kriterien_fuer_cloud_dienste,draft,de_complete,5,2026-04-08,True
LAP-07-01,hu,Viren Wuermer Trojaner Spyware Hacker Phishing,07_IT_Security_und_Betriebssicherheit/01_Viren_Wuermer_Trojaner_Spyware_Hacker_Phishing/README.md,07,07_IT_Security_und_Betriebssicherheit,01,01_Viren_Wuermer_Trojaner_Spyware_Hacker_Phishing,07-01-viren_wuermer_trojaner_spyware_hacker_phishing,draft,de_complete,5,2026-04-08,True
LAP-07-02,hu,Zero Day Exploit,07_IT_Security_und_Betriebssicherheit/02_Zero_Day_Exploit/README.md,07,07_IT_Security_und_Betriebssicherheit,02,02_Zero_Day_Exploit,07-02-zero_day_exploit,draft,de_complete,4,2026-04-08,True
LAP-07-03,hu,Einschraenkungen bei Benutzerkonten,07_IT_Security_und_Betriebssicherheit/03_Einschraenkungen_bei_Benutzerkonten/README.md,07,07_IT_Security_und_Betriebssicherheit,03,03_Einschraenkungen_bei_Benutzerkonten,07-03-einschraenkungen_bei_benutzerkonten,draft,de_complete,4,2026-04-08,True
LAP-07-04,hu,Software Firewall,07_IT_Security_und_Betriebssicherheit/04_Software_Firewall/README.md,07,07_IT_Security_und_Betriebssicherheit,04,04_Software_Firewall,07-04-software_firewall,draft,de_complete,3,2026-04-08,True
LAP-07-05,hu,Schutz von Client PCs,07_IT_Security_und_Betriebssicherheit/05_Schutz_von_Client_PCs/README.md,07,07_IT_Security_und_Betriebssicherheit,05,05_Schutz_von_Client_PCs,07-05-schutz_von_client_pcs,draft,de_complete,6,2026-04-08,True
LAP-07-06,hu,Sichere Backup Planung,07_IT_Security_und_Betriebssicherheit/06_Sichere_Backup_Planung/README.md,07,07_IT_Security_und_Betriebssicherheit,06,06_Sichere_Backup_Planung,07-06-sichere_backup_planung,draft,de_complete,3,2026-04-08,True
LAP-07-07,hu,Backup Prinzipien,07_IT_Security_und_Betriebssicherheit/07_Backup_Prinzipien/README.md,07,07_IT_Security_und_Betriebssicherheit,07,07_Backup_Prinzipien,07-07-backup_prinzipien,draft,de_complete,4,2026-04-08,True
LAP-07-08,hu,Backup Medien und Lagerung,07_IT_Security_und_Betriebssicherheit/08_Backup_Medien_und_Lagerung/README.md,07,07_IT_Security_und_Betriebssicherheit,08,08_Backup_Medien_und_Lagerung,07-08-backup_medien_und_lagerung,draft,de_complete,4,2026-04-08,True
LAP-08-01,hu,Big Data,08_Informatik_und_Gesellschaft/01_Big_Data/README.md,08,08_Informatik_und_Gesellschaft,01,01_Big_Data,08-01-big_data,draft,de_complete,2,2026-04-08,True
LAP-08-02,hu,Web 2.0,08_Informatik_und_Gesellschaft/02_Web_2_0/README.md,08,08_Informatik_und_Gesellschaft,02,02_Web_2_0,08-02-web_2_0,draft,de_complete,1,2026-04-08,True
LAP-08-03,hu,Industrie 4.0,08_Informatik_und_Gesellschaft/03_Industrie_4_0/README.md,08,08_Informatik_und_Gesellschaft,03,03_Industrie_4_0,08-03-industrie_4_0,draft,de_complete,3,2026-04-08,True
LAP-08-04,hu,IoT,08_Informatik_und_Gesellschaft/04_IoT/README.md,08,08_Informatik_und_Gesellschaft,04,04_IoT,08-04-iot,draft,de_complete,3,2026-04-08,True
LAP-08-05,hu,Sprachassistenten Vor und Nachteile,08_Informatik_und_Gesellschaft/05_Sprachassistenten_Vor_und_Nachteile/README.md,08,08_Informatik_und_Gesellschaft,05,05_Sprachassistenten_Vor_und_Nachteile,08-05-sprachassistenten_vor_und_nachteile,draft,de_complete,3,2026-04-08,True
LAP-08-06,hu,E Government digitale Signatur Handy Signatur,08_Informatik_und_Gesellschaft/06_E_Government_digitale_Signatur_Handy_Signatur/README.md,08,08_Informatik_und_Gesellschaft,06,06_E_Government_digitale_Signatur_Handy_Signatur,08-06-e_government_digitale_signatur_handy_signatur,draft,de_complete,5,2026-04-08,True
LAP-08-07,hu,Schutz vor Cookie Tracking,08_Informatik_und_Gesellschaft/07_Schutz_vor_Cookie_Tracking/README.md,08,08_Informatik_und_Gesellschaft,07,07_Schutz_vor_Cookie_Tracking,08-07-schutz_vor_cookie_tracking,draft,de_complete,4,2026-04-08,True
LAP-08-08,hu,Identitaetsdiebstahl,08_Informatik_und_Gesellschaft/08_Identitaetsdiebstahl/README.md,08,08_Informatik_und_Gesellschaft,08,08_Identitaetsdiebstahl,08-08-identitaetsdiebstahl,draft,de_complete,4,2026-04-08,True
LAP-08-09,hu,Netzneutralitaet,08_Informatik_und_Gesellschaft/09_Netzneutralitaet/README.md,08,08_Informatik_und_Gesellschaft,09,09_Netzneutralitaet,08-09-netzneutralitaet,draft,de_complete,3,2026-04-08,True
LAP-08-10,hu,Biometrische Daten Vor und Nachteile,08_Informatik_und_Gesellschaft/10_Biometrische_Daten_Vor_und_Nachteile/README.md,08,08_Informatik_und_Gesellschaft,10,10_Biometrische_Daten_Vor_und_Nachteile,08-10-biometrische_daten_vor_und_nachteile,draft,de_complete,4,2026-04-08,True
LAP-08-11,hu,Unternehmensrichtlinien soziale Netzwerke,08_Informatik_und_Gesellschaft/11_Unternehmensrichtlinien_soziale_Netzwerke/README.md,08,08_Informatik_und_Gesellschaft,11,11_Unternehmensrichtlinien_soziale_Netzwerke,08-11-unternehmensrichtlinien_soziale_netzwerke,draft,de_complete,3,2026-04-08,True
LAP-09-01,hu,Ergonomische Einrichtung,09_Ergonomischer_Arbeitsplatz/01_Ergonomische_Einrichtung/README.md,09,09_Ergonomischer_Arbeitsplatz,01,01_Ergonomische_Einrichtung,09-01-ergonomische_einrichtung,draft,de_complete,3,2026-04-08,True
LAP-09-02,hu,Aufstellungsort von Bildschirmen,09_Ergonomischer_Arbeitsplatz/02_Aufstellungsort_von_Bildschirmen/README.md,09,09_Ergonomischer_Arbeitsplatz,02,02_Aufstellungsort_von_Bildschirmen,09-02-aufstellungsort_von_bildschirmen,draft,de_complete,3,2026-04-08,True
LAP-09-03,hu,Bildschirmarbeit Pausenregelung,09_Ergonomischer_Arbeitsplatz/03_Bildschirmarbeit_Pausenregelung/README.md,09,09_Ergonomischer_Arbeitsplatz,03,03_Bildschirmarbeit_Pausenregelung,09-03-bildschirmarbeit_pausenregelung,draft,de_complete,3,2026-04-08,True
LAP-09-04,hu,Ideale Hoehe und Abstand,09_Ergonomischer_Arbeitsplatz/04_Ideale_Hoehe_und_Abstand/README.md,09,09_Ergonomischer_Arbeitsplatz,04,04_Ideale_Hoehe_und_Abstand,09-04-ideale_hoehe_und_abstand,draft,de_complete,3,2026-04-08,True
LAP-09-05,hu,Schutzmassnahmen bei sitzender Taetigkeit,09_Ergonomischer_Arbeitsplatz/05_Schutzmassnahmen_bei_sitzender_Taetigkeit/README.md,09,09_Ergonomischer_Arbeitsplatz,05,05_Schutzmassnahmen_bei_sitzender_Taetigkeit,09-05-schutzmassnahmen_bei_sitzender_taetigkeit,draft,de_complete,4,2026-04-08,True
LAP-09-06,hu,Entspannungsuebungen,09_Ergonomischer_Arbeitsplatz/06_Entspannungsuebungen/README.md,09,09_Ergonomischer_Arbeitsplatz,06,06_Entspannungsuebungen,09-06-entspannungsuebungen,draft,de_complete,4,2026-04-08,True
LAP-10-01,hu,Fachspezifische Verkaufsgespraeche Produktberatung,10_Fachberatung_und_Planung/01_Fachspezifische_Verkaufsgespraeche_Produktberatung/README.md,10,10_Fachberatung_und_Planung,01,01_Fachspezifische_Verkaufsgespraeche_Produktberatung,10-01-fachspezifische_verkaufsgespraeche_produktberatung,draft,de_complete,3,2026-04-08,True
LAP-10-02,hu,Technische Zusammenhaenge erklaeren,10_Fachberatung_und_Planung/02_Technische_Zusammenhaenge_erklaeren/README.md,10,10_Fachberatung_und_Planung,02,02_Technische_Zusammenhaenge_erklaeren,10-02-technische_zusammenhaenge_erklaeren,draft,de_complete,3,2026-04-08,True
LAP-10-03,hu,Kundenorientierte Softwareloesungen,10_Fachberatung_und_Planung/03_Kundenorientierte_Softwareloesungen/README.md,10,10_Fachberatung_und_Planung,03,03_Kundenorientierte_Softwareloesungen,10-03-kundenorientierte_softwareloesungen,draft,de_complete,4,2026-04-08,True
LAP-10-04,hu,Umgang mit Reklamationen,10_Fachberatung_und_Planung/04_Umgang_mit_Reklamationen/README.md,10,10_Fachberatung_und_Planung,04,04_Umgang_mit_Reklamationen,10-04-umgang_mit_reklamationen,draft,de_complete,4,2026-04-08,True
LAP-10-05,hu,Kundenumgang bei technischen Problemen,10_Fachberatung_und_Planung/05_Kundenumgang_bei_technischen_Problemen/README.md,10,10_Fachberatung_und_Planung,05,05_Kundenumgang_bei_technischen_Problemen,10-05-kundenumgang_bei_technischen_problemen,draft,de_complete,4,2026-04-08,True
LAP-11-01,hu,Begriff Informatik,11_Informatik/01_Begriff_Informatik/README.md,11,11_Informatik,01,01_Begriff_Informatik,11-01-begriff_informatik,draft,de_complete,3,2026-04-08,True
LAP-11-02,hu,Statische und dynamische Webseiten,11_Informatik/02_Statische_und_dynamische_Webseiten/README.md,11,11_Informatik,02,02_Statische_und_dynamische_Webseiten,11-02-statische_und_dynamische_webseiten,draft,de_complete,3,2026-04-08,True
LAP-11-03,hu,Weblog Webshop Webplattform,11_Informatik/03_Weblog_Webshop_Webplattform/README.md,11,11_Informatik,03,03_Weblog_Webshop_Webplattform,11-03-weblog_webshop_webplattform,draft,de_complete,4,2026-04-08,True
LAP-11-04,hu,HTML und XML,11_Informatik/04_HTML_und_XML/README.md,11,11_Informatik,04,04_HTML_und_XML,11-04-html_und_xml,draft,de_complete,4,2026-04-08,True
LAP-11-05,hu,HTML5 Grundgeruest,11_Informatik/05_HTML5_Grundgeruest/README.md,11,11_Informatik,05,05_HTML5_Grundgeruest,11-05-html5_grundgeruest,draft,de_complete,4,2026-04-08,True
LAP-11-06,hu,Meta Elemente und Metadaten,11_Informatik/06_Meta_Elemente_und_Metadaten/README.md,11,11_Informatik,06,06_Meta_Elemente_und_Metadaten,11-06-meta_elemente_und_metadaten,draft,de_complete,3,2026-04-08,True
LAP-11-07,hu,SEO und Massnahmen,11_Informatik/07_SEO_und_Massnahmen/README.md,11,11_Informatik,07,07_SEO_und_Massnahmen,11-07-seo_und_massnahmen,draft,de_complete,3,2026-04-08,True
LAP-11-08,hu,CSS und Einsatz,11_Informatik/08_CSS_und_Einsatz/README.md,11,11_Informatik,08,08_CSS_und_Einsatz,11-08-css_und_einsatz,draft,de_complete,3,2026-04-08,True
LAP-11-09,hu,Client und Server Scripting,11_Informatik/09_Client_und_Server_Scripting/README.md,11,11_Informatik,09,09_Client_und_Server_Scripting,11-09-client_und_server_scripting,draft,de_complete,3,2026-04-08,True
LAP-11-10,hu,Tools fuer Webentwicklung,11_Informatik/10_Tools_fuer_Webentwicklung/README.md,11,11_Informatik,10,10_Tools_fuer_Webentwicklung,11-10-tools_fuer_webentwicklung,draft,de_complete,4,2026-04-08,True
LAP-11-11,hu,CMS,11_Informatik/11_CMS/README.md,11,11_Informatik,11,11_CMS,11-11-cms,draft,de_complete,3,2026-04-08,True
LAP-11-12,hu,LIFO und FIFO,11_Informatik/12_LIFO_und_FIFO/README.md,11,11_Informatik,12,12_LIFO_und_FIFO,11-12-lifo_und_fifo,draft,de_complete,3,2026-04-08,True
LAP-11-13,hu,Stack und Queue,11_Informatik/13_Stack_und_Queue/README.md,11,11_Informatik,13,13_Stack_und_Queue,11-13-stack_und_queue,draft,de_complete,3,2026-04-08,True
LAP-11-14,hu,Userinterface,11_Informatik/14_Userinterface/README.md,11,11_Informatik,14,14_Userinterface,11-14-userinterface,draft,de_complete,3,2026-04-08,True
LAP-11-15,hu,Zeichencodierung,11_Informatik/15_Zeichencodierung/README.md,11,11_Informatik,15,15_Zeichencodierung,11-15-zeichencodierung,draft,de_complete,3,2026-04-08,True
LAP-11-16,hu,Standards ANSI ISO IEEE,11_Informatik/16_Standards_ANSI_ISO_IEEE/README.md,11,11_Informatik,16,16_Standards_ANSI_ISO_IEEE,11-16-standards_ansi_iso_ieee,draft,de_complete,4,2026-04-08,True
LAP-11-17,hu,Frame,11_Informatik/17_Frame/README.md,11,11_Informatik,17,17_Frame,11-17-frame,draft,de_complete,3,2026-04-08,True
LAP-11-18,hu,Webservices,11_Informatik/18_Webservices/README.md,11,11_Informatik,18,18_Webservices,11-18-webservices,draft,de_complete,3,2026-04-08,True
LAP-11-19,hu,SOAP und WSDL,11_Informatik/19_SOAP_und_WSDL/README.md,11,11_Informatik,19,19_SOAP_und_WSDL,11-19-soap_und_wsdl,draft,de_complete,3,2026-04-08,True
LAP-11-20,hu,REST API,11_Informatik/20_REST_API/README.md,11,11_Informatik,20,20_REST_API,11-20-rest_api,draft,de_complete,3,2026-04-08,True
LAP-11-21,hu,JSON,11_Informatik/21_JSON/README.md,11,11_Informatik,21,21_JSON,11-21-json,draft,de_complete,3,2026-04-08,True
LAP-11-22,hu,Agile Softwareentwicklung,11_Informatik/22_Agile_Softwareentwicklung/README.md,11,11_Informatik,22,22_Agile_Softwareentwicklung,11-22-agile_softwareentwicklung,draft,de_complete,2,2026-04-08,True
LAP-11-23,hu,Reaktive Programmierung,11_Informatik/23_Reaktive_Programmierung/README.md,11,11_Informatik,23,23_Reaktive_Programmierung,11-23-reaktive_programmierung,draft,de_complete,2,2026-04-08,True
LAP-11-24,hu,Frameworks,11_Informatik/24_Frameworks/README.md,11,11_Informatik,24,24_Frameworks,11-24-frameworks,draft,de_complete,3,2026-04-08,True
LAP-11-25,hu,Einsatzgebiet AngularJS,11_Informatik/25_Einsatzgebiet_AngularJS/README.md,11,11_Informatik,25,25_Einsatzgebiet_AngularJS,11-25-einsatzgebiet_angularjs,draft,de_complete,2,2026-04-08,True
LAP-11-26,hu,Einsatzgebiet Bootstrap,11_Informatik/26_Einsatzgebiet_Bootstrap/README.md,11,11_Informatik,26,26_Einsatzgebiet_Bootstrap,11-26-einsatzgebiet_bootstrap,draft,de_complete,3,2026-04-08,True
LAP-11-27,hu,Einsatzgebiet jQuery,11_Informatik/27_Einsatzgebiet_jQuery/README.md,11,11_Informatik,27,27_Einsatzgebiet_jQuery,11-27-einsatzgebiet_jquery,draft,de_complete,3,2026-04-08,True
LAP-11-28,hu,PHP Zugriff auf MySQL,11_Informatik/28_PHP_Zugriff_auf_MySQL/README.md,11,11_Informatik,28,28_PHP_Zugriff_auf_MySQL,11-28-php_zugriff_auf_mysql,draft,de_complete,3,2026-04-08,True
LAP-11-29,hu,Multitasking,11_Informatik/29_Multitasking/README.md,11,11_Informatik,29,29_Multitasking,11-29-multitasking,draft,de_complete,3,2026-04-08,True
LAP-11-30,hu,Mobile Webseiten,11_Informatik/30_Mobile_Webseiten/README.md,11,11_Informatik,30,30_Mobile_Webseiten,11-30-mobile_webseiten,draft,de_complete,3,2026-04-08,True
LAP-11-31,hu,Responsive Webdesign,11_Informatik/31_Responsive_Webdesign/README.md,11,11_Informatik,31,31_Responsive_Webdesign,11-31-responsive_webdesign,draft,de_complete,3,2026-04-08,True
LAP-11-32,hu,Mobile First,11_Informatik/32_Mobile_First/README.md,11,11_Informatik,32,32_Mobile_First,11-32-mobile_first,draft,de_complete,3,2026-04-08,True
LAP-11-33,hu,Aktuelle Programmiersprachen,11_Informatik/33_Aktuelle_Programmiersprachen/README.md,11,11_Informatik,33,33_Aktuelle_Programmiersprachen,11-33-aktuelle_programmiersprachen,draft,de_complete,5,2026-04-08,True
LAP-11-34,hu,Programmiersprachen fuer mobile Apps und Internet,11_Informatik/34_Programmiersprachen_fuer_mobile_Apps_und_Internet/README.md,11,11_Informatik,34,34_Programmiersprachen_fuer_mobile_Apps_und_Internet,11-34-programmiersprachen_fuer_mobile_apps_und_internet,draft,de_complete,5,2026-04-08,True
LAP-11-35,hu,Java Technologien im Web,11_Informatik/35_Java_Technologien_im_Web/README.md,11,11_Informatik,35,35_Java_Technologien_im_Web,11-35-java_technologien_im_web,draft,de_complete,4,2026-04-08,True
LAP-11-36,hu,DotNet Technologien im Web,11_Informatik/36_DotNet_Technologien_im_Web/README.md,11,11_Informatik,36,36_DotNet_Technologien_im_Web,11-36-dotnet_technologien_im_web,draft,de_complete,4,2026-04-08,True
LAP-11-37,hu,Metadaten,11_Informatik/37_Metadaten/README.md,11,11_Informatik,37,37_Metadaten,11-37-metadaten,draft,de_complete,3,2026-04-08,True
LAP-11-38,hu,KISS und DRY,11_Informatik/38_KISS_und_DRY/README.md,11,11_Informatik,38,38_KISS_und_DRY,11-38-kiss_und_dry,draft,de_complete,3,2026-04-08,True
LAP-11-39,hu,Coding Standards und Code Konventionen,11_Informatik/39_Coding_Standards_und_Code_Konventionen/README.md,11,11_Informatik,39,39_Coding_Standards_und_Code_Konventionen,11-39-coding_standards_und_code_konventionen,draft,de_complete,4,2026-04-08,True
LAP-11-40,hu,Cross Plattform Entwicklung,11_Informatik/40_Cross_Plattform_Entwicklung/README.md,11,11_Informatik,40,40_Cross_Plattform_Entwicklung,11-40-cross_plattform_entwicklung,draft,de_complete,3,2026-04-08,True
LAP-11-41,hu,Continuous Integration,11_Informatik/41_Continuous_Integration/README.md,11,11_Informatik,41,41_Continuous_Integration,11-41-continuous_integration,draft,de_complete,3,2026-04-08,True
LAP-11-42,hu,Continuous Delivery und Deployment,11_Informatik/42_Continuous_Delivery_und_Deployment/README.md,11,11_Informatik,42,42_Continuous_Delivery_und_Deployment,11-42-continuous_delivery_und_deployment,draft,de_complete,3,2026-04-08,True
LAP-11-43,hu,CI CD Vorgaben,11_Informatik/43_CI_CD_Vorgaben/README.md,11,11_Informatik,43,43_CI_CD_Vorgaben,11-43-ci_cd_vorgaben,draft,de_complete,4,2026-04-08,True
LAP-12-01,hu,Begriff Projektmanagement,12_Projektmanagement/01_Begriff_Projektmanagement/README.md,12,12_Projektmanagement,01,01_Begriff_Projektmanagement,12-01-begriff_projektmanagement,draft,de_complete,2,2026-04-08,True
LAP-12-02,hu,Definition von Projekten,12_Projektmanagement/02_Definition_von_Projekten/README.md,12,12_Projektmanagement,02,02_Definition_von_Projekten,12-02-definition_von_projekten,draft,de_complete,2,2026-04-08,True
LAP-12-03,hu,Pflichtenheft,12_Projektmanagement/03_Pflichtenheft/README.md,12,12_Projektmanagement,03,03_Pflichtenheft,12-03-pflichtenheft,draft,de_complete,2,2026-04-08,True
LAP-12-04,hu,Lastenheft,12_Projektmanagement/04_Lastenheft/README.md,12,12_Projektmanagement,04,04_Lastenheft,12-04-lastenheft,draft,de_complete,2,2026-04-08,True
LAP-12-05,hu,Spannungsfelder im Projekt,12_Projektmanagement/05_Spannungsfelder_im_Projekt/README.md,12,12_Projektmanagement,05,05_Spannungsfelder_im_Projekt,12-05-spannungsfelder_im_projekt,draft,de_complete,2,2026-04-08,True
LAP-12-06,hu,Primaeres Projektziel,12_Projektmanagement/06_Primaeres_Projektziel/README.md,12,12_Projektmanagement,06,06_Primaeres_Projektziel,12-06-primaeres_projektziel,draft,de_complete,2,2026-04-08,True
LAP-12-07,hu,Vor und Nachteile der Projektorganisation,12_Projektmanagement/07_Vor_und_Nachteile_der_Projektorganisation/README.md,12,12_Projektmanagement,07,07_Vor_und_Nachteile_der_Projektorganisation,12-07-vor_und_nachteile_der_projektorganisation,draft,de_complete,2,2026-04-08,True
LAP-12-08,hu,Ziel der Projektdokumentation,12_Projektmanagement/08_Ziel_der_Projektdokumentation/README.md,12,12_Projektmanagement,08,08_Ziel_der_Projektdokumentation,12-08-ziel_der_projektdokumentation,draft,de_complete,2,2026-04-08,True
LAP-12-09,hu,Struktogramm,12_Projektmanagement/09_Struktogramm/README.md,12,12_Projektmanagement,09,09_Struktogramm,12-09-struktogramm,draft,de_complete,2,2026-04-08,True
LAP-12-10,hu,Ablaufdiagramm Flowchart,12_Projektmanagement/10_Ablaufdiagramm_Flowchart/README.md,12,12_Projektmanagement,10,10_Ablaufdiagramm_Flowchart,12-10-ablaufdiagramm_flowchart,draft,de_complete,3,2026-04-08,True
LAP-12-11,hu,Wesentliche Schritte der Projektplanung,12_Projektmanagement/11_Wesentliche_Schritte_der_Projektplanung/README.md,12,12_Projektmanagement,11,11_Wesentliche_Schritte_der_Projektplanung,12-11-wesentliche_schritte_der_projektplanung,draft,de_complete,3,2026-04-08,True
LAP-12-12,hu,Eigenschaften eines Projektleiters,12_Projektmanagement/12_Eigenschaften_eines_Projektleiters/README.md,12,12_Projektmanagement,12,12_Eigenschaften_eines_Projektleiters,12-12-eigenschaften_eines_projektleiters,draft,de_complete,2,2026-04-08,True
LAP-12-13,hu,Aufgaben eines Projektleiters,12_Projektmanagement/13_Aufgaben_eines_Projektleiters/README.md,12,12_Projektmanagement,13,13_Aufgaben_eines_Projektleiters,12-13-aufgaben_eines_projektleiters,draft,de_complete,2,2026-04-08,True
LAP-12-14,hu,Dokumentationen eines Projektes,12_Projektmanagement/14_Dokumentationen_eines_Projektes/README.md,12,12_Projektmanagement,14,14_Dokumentationen_eines_Projektes,12-14-dokumentationen_eines_projektes,draft,de_complete,2,2026-04-08,True
LAP-12-15,hu,Projektauftrag,12_Projektmanagement/15_Projektauftrag/README.md,12,12_Projektmanagement,15,15_Projektauftrag,12-15-projektauftrag,draft,de_complete,2,2026-04-08,True
LAP-12-16,hu,Projektstrukturplan,12_Projektmanagement/16_Projektstrukturplan/README.md,12,12_Projektmanagement,16,16_Projektstrukturplan,12-16-projektstrukturplan,draft,de_complete,2,2026-04-08,True
LAP-12-17,hu,Arbeitspaket,12_Projektmanagement/17_Arbeitspaket/README.md,12,12_Projektmanagement,17,17_Arbeitspaket,12-17-arbeitspaket,draft,de_complete,2,2026-04-08,True
LAP-12-18,hu,Meilenstein,12_Projektmanagement/18_Meilenstein/README.md,12,12_Projektmanagement,18,18_Meilenstein,12-18-meilenstein,draft,de_complete,3,2026-04-08,True
LAP-12-19,hu,Internes und externes Projekt,12_Projektmanagement/19_Internes_und_externes_Projekt/README.md,12,12_Projektmanagement,19,19_Internes_und_externes_Projekt,12-19-internes_und_externes_projekt,draft,de_complete,2,2026-04-08,True
LAP-12-20,hu,Projektkostenplanung,12_Projektmanagement/20_Projektkostenplanung/README.md,12,12_Projektmanagement,20,20_Projektkostenplanung,12-20-projektkostenplanung,draft,de_complete,3,2026-04-08,True
LAP-13-01,hu,Softwareprozessmodelle,13_Projektmethoden_und_Tools/01_Softwareprozessmodelle/README.md,13,13_Projektmethoden_und_Tools,01,01_Softwareprozessmodelle,13-01-softwareprozessmodelle,draft,de_complete,2,2026-04-08,True
LAP-13-02,hu,Wasserfallmodell Aufbau,13_Projektmethoden_und_Tools/02_Wasserfallmodell_Aufbau/README.md,13,13_Projektmethoden_und_Tools,02,02_Wasserfallmodell_Aufbau,13-02-wasserfallmodell_aufbau,draft,de_complete,2,2026-04-08,True
LAP-13-03,hu,Agiles Projektmanagement,13_Projektmethoden_und_Tools/03_Agiles_Projektmanagement/README.md,13,13_Projektmethoden_und_Tools,03,03_Agiles_Projektmanagement,13-03-agiles_projektmanagement,draft,de_complete,3,2026-04-08,True
LAP-13-04,hu,DevOps,13_Projektmethoden_und_Tools/04_DevOps/README.md,13,13_Projektmethoden_und_Tools,04,04_DevOps,13-04-devops,draft,de_complete,2,2026-04-08,True
LAP-13-05,hu,Scrummaster,13_Projektmethoden_und_Tools/05_Scrummaster/README.md,13,13_Projektmethoden_und_Tools,05,05_Scrummaster,13-05-scrummaster,draft,de_complete,3,2026-04-08,True
LAP-13-06,hu,Productowner,13_Projektmethoden_und_Tools/06_Productowner/README.md,13,13_Projektmethoden_und_Tools,06,06_Productowner,13-06-productowner,draft,de_complete,3,2026-04-08,True
LAP-13-07,hu,Backlog,13_Projektmethoden_und_Tools/07_Backlog/README.md,13,13_Projektmethoden_und_Tools,07,07_Backlog,13-07-backlog,draft,de_complete,2,2026-04-08,True
LAP-13-08,hu,Sprint,13_Projektmethoden_und_Tools/08_Sprint/README.md,13,13_Projektmethoden_und_Tools,08,08_Sprint,13-08-sprint,draft,de_complete,2,2026-04-08,True
LAP-13-09,hu,Stakeholder,13_Projektmethoden_und_Tools/09_Stakeholder/README.md,13,13_Projektmethoden_und_Tools,09,09_Stakeholder,13-09-stakeholder,draft,de_complete,2,2026-04-08,True
LAP-13-10,hu,Daily Scrum / Standup,13_Projektmethoden_und_Tools/10_Daily_Scrum_Standup/README.md,13,13_Projektmethoden_und_Tools,10,10_Daily_Scrum_Standup,13-10-daily_scrum_standup,draft,de_complete,2,2026-04-08,True
LAP-13-11,hu,User Story und Story Board,13_Projektmethoden_und_Tools/11_User_Story_und_Story_Board/README.md,13,13_Projektmethoden_und_Tools,11,11_User_Story_und_Story_Board,13-11-user_story_und_story_board,draft,de_complete,2,2026-04-08,True
LAP-13-12,hu,Probleme des Wasserfallmodells,13_Projektmethoden_und_Tools/12_Probleme_des_Wasserfallmodells/README.md,13,13_Projektmethoden_und_Tools,12,12_Probleme_des_Wasserfallmodells,13-12-probleme_des_wasserfallmodells,draft,de_complete,2,2026-04-08,True
LAP-13-13,hu,V-Modell Aufbau,13_Projektmethoden_und_Tools/13_V_Modell_Aufbau/README.md,13,13_Projektmethoden_und_Tools,13,13_V_Modell_Aufbau,13-13-v_modell_aufbau,draft,de_complete,2,2026-04-08,True
LAP-13-14,hu,Vor- und Nachteile des V-Modells,13_Projektmethoden_und_Tools/14_Vor_und_Nachteile_des_V_Modells/README.md,13,13_Projektmethoden_und_Tools,14,14_Vor_und_Nachteile_des_V_Modells,13-14-vor_und_nachteile_des_v_modells,draft,de_complete,2,2026-04-08,True
LAP-13-15,hu,Softwareentwurf,13_Projektmethoden_und_Tools/15_Softwareentwurf/README.md,13,13_Projektmethoden_und_Tools,15,15_Softwareentwurf,13-15-softwareentwurf,draft,de_complete,2,2026-04-08,True
LAP-13-16,hu,Prototyp,13_Projektmethoden_und_Tools/16_Prototyp/README.md,13,13_Projektmethoden_und_Tools,16,16_Prototyp,13-16-prototyp,draft,de_complete,2,2026-04-08,True
LAP-13-17,hu,Soll-Ist-Analyse,13_Projektmethoden_und_Tools/17_Soll_Ist_Analyse/README.md,13,13_Projektmethoden_und_Tools,17,17_Soll_Ist_Analyse,13-17-soll_ist_analyse,draft,de_complete,2,2026-04-08,True
LAP-13-18,hu,Versionsverwaltung,13_Projektmethoden_und_Tools/18_Versionsverwaltung/README.md,13,13_Projektmethoden_und_Tools,18,18_Versionsverwaltung,13-18-versionsverwaltung,draft,de_complete,2,2026-04-08,True
LAP-14-01,hu,Zweck von Code Reviews,14_Qualitaetssicherung/01_Zweck_von_Code_Reviews/README.md,14,14_Qualitaetssicherung,01,01_Zweck_von_Code_Reviews,14-01-zweck_von_code_reviews,draft,de_complete,2,2026-04-08,True
LAP-14-02,hu,Schreibtischtest,14_Qualitaetssicherung/02_Schreibtischtest/README.md,14,14_Qualitaetssicherung,02,02_Schreibtischtest,14-02-schreibtischtest,draft,de_complete,2,2026-04-08,True
LAP-14-03,hu,Black Box und White Box Test,14_Qualitaetssicherung/03_Black_Box_und_White_Box_Test/README.md,14,14_Qualitaetssicherung,03,03_Black_Box_und_White_Box_Test,14-03-black_box_und_white_box_test,draft,de_complete,2,2026-04-08,True
LAP-14-04,hu,Qualitätsmerkmale der Softwarefunktionalität,14_Qualitaetssicherung/04_Qualitaetsmerkmale_der_Softwarefunktionalitaet/README.md,14,14_Qualitaetssicherung,04,04_Qualitaetsmerkmale_der_Softwarefunktionalitaet,14-04-qualitaetsmerkmale_der_softwarefunktionalitaet,draft,de_complete,2,2026-04-08,True
LAP-14-05,hu,Changemanagement,14_Qualitaetssicherung/05_Changemanagement/README.md,14,14_Qualitaetssicherung,05,05_Changemanagement,14-05-changemanagement,draft,de_complete,2,2026-04-08,True
LAP-14-06,hu,Versionierung und Nutzen,14_Qualitaetssicherung/06_Versionierung_und_Nutzen/README.md,14,14_Qualitaetssicherung,06,06_Versionierung_und_Nutzen,14-06-versionierung_und_nutzen,draft,de_complete,2,2026-04-08,True
LAP-14-07,hu,Problemmanagement,14_Qualitaetssicherung/07_Problemmanagement/README.md,14,14_Qualitaetssicherung,07,07_Problemmanagement,14-07-problemmanagement,draft,de_complete,2,2026-04-08,True
LAP-15-01,hu,Stadien der Softwareentwicklung,15_Grundkenntnisse_des_Programmierens/01_Stadien_der_Softwareentwicklung/README.md,15,15_Grundkenntnisse_des_Programmierens,01,01_Stadien_der_Softwareentwicklung,15-01-stadien_der_softwareentwicklung,draft,de_complete,2,2026-04-09,True
LAP-15-02,hu,Prozedurale und objektorientierte Programmierung,15_Grundkenntnisse_des_Programmierens/02_Prozedurale_und_objektorientierte_Programmierung/README.md,15,15_Grundkenntnisse_des_Programmierens,02,02_Prozedurale_und_objektorientierte_Programmierung,15-02-prozedurale_und_objektorientierte_programmierung,draft,de_complete,2,2026-04-09,True
LAP-15-03,hu,Algorithmus,15_Grundkenntnisse_des_Programmierens/03_Algorithmus/README.md,15,15_Grundkenntnisse_des_Programmierens,03,03_Algorithmus,15-03-algorithmus,draft,de_complete,2,2026-04-09,True
LAP-15-04,hu,Pseudocode,15_Grundkenntnisse_des_Programmierens/04_Pseudocode/README.md,15,15_Grundkenntnisse_des_Programmierens,04,04_Pseudocode,15-04-pseudocode,draft,de_complete,2,2026-04-09,True
LAP-15-05,hu,Sortieralgorithmen: Bubblesort / Quicksort,15_Grundkenntnisse_des_Programmierens/05_Sortieralgorithmen_Bubblesort_Quicksort/README.md,15,15_Grundkenntnisse_des_Programmierens,05,05_Sortieralgorithmen_Bubblesort_Quicksort,15-05-sortieralgorithmen_bubblesort_quicksort,draft,de_complete,2,2026-04-09,True
LAP-15-06,hu,Suchalgorithmen: sequentiell / binaer,15_Grundkenntnisse_des_Programmierens/06_Suchalgorithmen_sequentiell_binaer/README.md,15,15_Grundkenntnisse_des_Programmierens,06,06_Suchalgorithmen_sequentiell_binaer,15-06-suchalgorithmen_sequentiell_binaer,draft,de_complete,2,2026-04-09,True
LAP-15-07,hu,Ablauf der Programmentwicklung,15_Grundkenntnisse_des_Programmierens/07_Ablauf_der_Programmentwicklung/README.md,15,15_Grundkenntnisse_des_Programmierens,07,07_Ablauf_der_Programmentwicklung,15-07-ablauf_der_programmentwicklung,draft,de_complete,2,2026-04-09,True
LAP-15-08,hu,Aufbau einer Programmiersprache,15_Grundkenntnisse_des_Programmierens/08_Aufbau_einer_Programmiersprache/README.md,15,15_Grundkenntnisse_des_Programmierens,08,08_Aufbau_einer_Programmiersprache,15-08-aufbau_einer_programmiersprache,draft,de_complete,2,2026-04-09,True
LAP-15-09,hu,Interpreter und Compiler,15_Grundkenntnisse_des_Programmierens/09_Interpreter_und_Compiler/README.md,15,15_Grundkenntnisse_des_Programmierens,09,09_Interpreter_und_Compiler,15-09-interpreter_und_compiler,draft,de_complete,2,2026-04-09,True
LAP-15-10,hu,Debugger,15_Grundkenntnisse_des_Programmierens/10_Debugger/README.md,15,15_Grundkenntnisse_des_Programmierens,10,10_Debugger,15-10-debugger,draft,de_complete,2,2026-04-09,True
LAP-15-11,hu,Assembler,15_Grundkenntnisse_des_Programmierens/11_Assembler/README.md,15,15_Grundkenntnisse_des_Programmierens,11,11_Assembler,15-11-assembler,draft,de_complete,2,2026-04-09,True
LAP-15-12,hu,Rekursive Funktionen,15_Grundkenntnisse_des_Programmierens/12_Rekursive_Funktionen/README.md,15,15_Grundkenntnisse_des_Programmierens,12,12_Rekursive_Funktionen,15-12-rekursive_funktionen,draft,de_complete,2,2026-04-09,True
LAP-15-13,hu,ASCII-Tabellen,15_Grundkenntnisse_des_Programmierens/13_ASCII_Tabellen/README.md,15,15_Grundkenntnisse_des_Programmierens,13,13_ASCII_Tabellen,15-13-ascii_tabellen,draft,de_complete,2,2026-04-09,True
LAP-15-14,hu,"Variablenarten, Datentypen, Definitionen",15_Grundkenntnisse_des_Programmierens/14_Variablenarten_Datentypen_Definitionen/README.md,15,15_Grundkenntnisse_des_Programmierens,14,14_Variablenarten_Datentypen_Definitionen,15-14-variablenarten_datentypen_definitionen,draft,de_complete,2,2026-04-09,True
LAP-15-15,hu,Variable und Konstante,15_Grundkenntnisse_des_Programmierens/15_Variable_und_Konstante/README.md,15,15_Grundkenntnisse_des_Programmierens,15,15_Variable_und_Konstante,15-15-variable_und_konstante,draft,de_complete,2,2026-04-09,True
LAP-15-16,hu,Gueltigkeitsbereiche von Variablen,15_Grundkenntnisse_des_Programmierens/16_Gueltigkeitsbereiche_von_Variablen/README.md,15,15_Grundkenntnisse_des_Programmierens,16,16_Gueltigkeitsbereiche_von_Variablen,15-16-gueltigkeitsbereiche_von_variablen,draft,de_complete,2,2026-04-09,True
LAP-15-17,hu,Schleifen,15_Grundkenntnisse_des_Programmierens/17_Schleifen/README.md,15,15_Grundkenntnisse_des_Programmierens,17,17_Schleifen,15-17-schleifen,draft,de_complete,2,2026-04-09,True
LAP-15-18,hu,Kopf- und fussgesteuerte Schleifen,15_Grundkenntnisse_des_Programmierens/18_Kopf_und_Fussgesteuerte_Schleifen/README.md,15,15_Grundkenntnisse_des_Programmierens,18,18_Kopf_und_Fussgesteuerte_Schleifen,15-18-kopf_und_fussgesteuerte_schleifen,draft,de_complete,2,2026-04-09,True
LAP-15-19,hu,Verzweigungen und Fallunterscheidungen,15_Grundkenntnisse_des_Programmierens/19_Verzweigungen_und_Fallunterscheidungen/README.md,15,15_Grundkenntnisse_des_Programmierens,19,19_Verzweigungen_und_Fallunterscheidungen,15-19-verzweigungen_und_fallunterscheidungen,draft,de_complete,2,2026-04-09,True
LAP-15-20,hu,Objektorientierte Programmierung,15_Grundkenntnisse_des_Programmierens/20_Objektorientierte_Programmierung/README.md,15,15_Grundkenntnisse_des_Programmierens,20,20_Objektorientierte_Programmierung,15-20-objektorientierte_programmierung,draft,de_complete,2,2026-04-09,True
LAP-16-01,hu,Datenbanksysteme,16_Datenbanken_Datenmodelle_Datenstrukturen/01_Datenbanksysteme/README.md,16,16_Datenbanken_Datenmodelle_Datenstrukturen,01,01_Datenbanksysteme,16-01-datenbanksysteme,draft,de_complete,2,2026-04-09,True
LAP-16-02,hu,Datenbankabfragen: SQL / SQL-XML,16_Datenbanken_Datenmodelle_Datenstrukturen/02_Datenbankabfragen_SQL_SQL_XML/README.md,16,16_Datenbanken_Datenmodelle_Datenstrukturen,02,02_Datenbankabfragen_SQL_SQL_XML,16-02-datenbankabfragen_sql_sql_xml,draft,de_complete,2,2026-04-09,True
LAP-16-03,hu,DBMS,16_Datenbanken_Datenmodelle_Datenstrukturen/03_DBMS/README.md,16,16_Datenbanken_Datenmodelle_Datenstrukturen,03,03_DBMS,16-03-dbms,draft,de_complete,2,2026-04-09,True
LAP-16-04,hu,CMS,16_Datenbanken_Datenmodelle_Datenstrukturen/04_CMS/README.md,16,16_Datenbanken_Datenmodelle_Datenstrukturen,04,04_CMS,16-04-cms,draft,de_complete,3,2026-04-09,True
LAP-16-05,hu,Integritaet in Datenbanken,16_Datenbanken_Datenmodelle_Datenstrukturen/05_Integritaet_in_Datenbanken/README.md,16,16_Datenbanken_Datenmodelle_Datenstrukturen,05,05_Integritaet_in_Datenbanken,16-05-integritaet_in_datenbanken,draft,de_complete,2,2026-04-09,True
LAP-16-06,hu,Redundanz in Datenbanken,16_Datenbanken_Datenmodelle_Datenstrukturen/06_Redundanz_in_Datenbanken/README.md,16,16_Datenbanken_Datenmodelle_Datenstrukturen,06,06_Redundanz_in_Datenbanken,16-06-redundanz_in_datenbanken,draft,de_complete,2,2026-04-09,True
LAP-16-07,hu,Vorgehensweise bei der Datenmodellierung,16_Datenbanken_Datenmodelle_Datenstrukturen/07_Vorgehensweise_bei_der_Datenmodellierung/README.md,16,16_Datenbanken_Datenmodelle_Datenstrukturen,07,07_Vorgehensweise_bei_der_Datenmodellierung,16-07-vorgehensweise_bei_der_datenmodellierung,draft,de_complete,2,2026-04-09,True
LAP-16-08,hu,Grundlegende Datenbankoperationen,16_Datenbanken_Datenmodelle_Datenstrukturen/08_Grundlegende_Datenbankoperationen/README.md,16,16_Datenbanken_Datenmodelle_Datenstrukturen,08,08_Grundlegende_Datenbankoperationen,16-08-grundlegende_datenbankoperationen,draft,de_complete,2,2026-04-09,True
LAP-16-09,hu,Erste drei Normalformen,16_Datenbanken_Datenmodelle_Datenstrukturen/09_Erste_drei_Normalformen/README.md,16,16_Datenbanken_Datenmodelle_Datenstrukturen,09,09_Erste_drei_Normalformen,16-09-erste_drei_normalformen,draft,de_complete,2,2026-04-09,True
LAP-16-10,hu,"Primaerschluessel, Fremdschluessel, Relationen",16_Datenbanken_Datenmodelle_Datenstrukturen/10_Primaerschluessel_Fremdschluessel_Relationen/README.md,16,16_Datenbanken_Datenmodelle_Datenstrukturen,10,10_Primaerschluessel_Fremdschluessel_Relationen,16-10-primaerschluessel_fremdschluessel_relationen,draft,de_complete,2,2026-04-09,True
LAP-16-11,hu,Index: Vor- und Nachteile,16_Datenbanken_Datenmodelle_Datenstrukturen/11_Index_Vor_und_Nachteile/README.md,16,16_Datenbanken_Datenmodelle_Datenstrukturen,11,11_Index_Vor_und_Nachteile,16-11-index_vor_und_nachteile,draft,de_complete,2,2026-04-09,True
LAP-16-12,hu,Freeware-Datenbanken: Vor- und Nachteile,16_Datenbanken_Datenmodelle_Datenstrukturen/12_Freeware_Datenbanken_Vor_und_Nachteile/README.md,16,16_Datenbanken_Datenmodelle_Datenstrukturen,12,12_Freeware_Datenbanken_Vor_und_Nachteile,16-12-freeware_datenbanken_vor_und_nachteile,draft,de_complete,4,2026-04-09,True
LAP-16-13,hu,Sicherungsmethoden,16_Datenbanken_Datenmodelle_Datenstrukturen/13_Sicherungsmethoden/README.md,16,16_Datenbanken_Datenmodelle_Datenstrukturen,13,13_Sicherungsmethoden,16-13-sicherungsmethoden,draft,de_complete,3,2026-04-09,True
LAP-16-14,hu,Sperrtabelle und Sperrverhalten,16_Datenbanken_Datenmodelle_Datenstrukturen/14_Sperrtabelle_und_Sperrverhalten/README.md,16,16_Datenbanken_Datenmodelle_Datenstrukturen,14,14_Sperrtabelle_und_Sperrverhalten,16-14-sperrtabelle_und_sperrverhalten,draft,de_complete,2,2026-04-09,True
LAP-16-15,hu,Betriebliches Informationssystem (BIS),16_Datenbanken_Datenmodelle_Datenstrukturen/15_Betriebliches_Informationssystem_BIS/README.md,16,16_Datenbanken_Datenmodelle_Datenstrukturen,15,15_Betriebliches_Informationssystem_BIS,16-15-betriebliches_informationssystem_bis,draft,de_complete,3,2026-04-09,True
LAP-16-16,hu,ERP-Systeme,16_Datenbanken_Datenmodelle_Datenstrukturen/16_ERP_Systeme/README.md,16,16_Datenbanken_Datenmodelle_Datenstrukturen,16,16_ERP_Systeme,16-16-erp_systeme,draft,de_complete,2,2026-04-09,True
LAP-16-17,hu,BI- und BW-Systeme,16_Datenbanken_Datenmodelle_Datenstrukturen/17_BI_und_BW_Systeme/README.md,16,16_Datenbanken_Datenmodelle_Datenstrukturen,17,17_BI_und_BW_Systeme,16-17-bi_und_bw_systeme,draft,de_complete,3,2026-04-09,True
LAP-16-18,hu,Umsetzung von Datenmodellen in Datenbanken,16_Datenbanken_Datenmodelle_Datenstrukturen/18_Umsetzung_von_Datenmodellen_in_Datenbanken/README.md,16,16_Datenbanken_Datenmodelle_Datenstrukturen,18,18_Umsetzung_von_Datenmodellen_in_Datenbanken,16-18-umsetzung_von_datenmodellen_in_datenbanken,draft,de_complete,2,2026-04-09,True
LAP-16-19,hu,Zugriffsschnittstelle und Transaktionskonzept,16_Datenbanken_Datenmodelle_Datenstrukturen/19_Zugriffsschnittstelle_und_Transaktionskonzept/README.md,16,16_Datenbanken_Datenmodelle_Datenstrukturen,19,19_Zugriffsschnittstelle_und_Transaktionskonzept,16-19-zugriffsschnittstelle_und_transaktionskonzept,draft,de_complete,3,2026-04-09,True
LAP-17-01,hu,Programmspezifikation,17_Systementwicklung_und_Testkonzepte/01_Programmspezifikation/README.md,17,17_Systementwicklung_und_Testkonzepte,01,01_Programmspezifikation,17-01-programmspezifikation,draft,de_complete,2,2026-04-09,True
LAP-17-02,hu,Datenmodell,17_Systementwicklung_und_Testkonzepte/02_Datenmodell/README.md,17,17_Systementwicklung_und_Testkonzepte,02,02_Datenmodell,17-02-datenmodell,draft,de_complete,2,2026-04-09,True
LAP-17-03,hu,Wichtige Datentypen und Datenstrukturen,17_Systementwicklung_und_Testkonzepte/03_Wichtige_Datentypen_und_Datenstrukturen/README.md,17,17_Systementwicklung_und_Testkonzepte,03,03_Wichtige_Datentypen_und_Datenstrukturen,17-03-wichtige_datentypen_und_datenstrukturen,draft,de_complete,2,2026-04-09,True
LAP-17-04,hu,Funktionen,17_Systementwicklung_und_Testkonzepte/04_Funktionen/README.md,17,17_Systementwicklung_und_Testkonzepte,04,04_Funktionen,17-04-funktionen,draft,de_complete,2,2026-04-09,True
LAP-17-05,hu,Call By Value und Call By Reference,17_Systementwicklung_und_Testkonzepte/05_Call_By_Value_und_Call_By_Reference/README.md,17,17_Systementwicklung_und_Testkonzepte,05,05_Call_By_Value_und_Call_By_Reference,17-05-call_by_value_und_call_by_reference,draft,de_complete,2,2026-04-09,True
LAP-17-06,hu,Klassen,17_Systementwicklung_und_Testkonzepte/06_Klassen/README.md,17,17_Systementwicklung_und_Testkonzepte,06,06_Klassen,17-06-klassen,draft,de_complete,2,2026-04-09,True
LAP-17-07,hu,Vererbungsprinzip,17_Systementwicklung_und_Testkonzepte/07_Vererbungsprinzip/README.md,17,17_Systementwicklung_und_Testkonzepte,07,07_Vererbungsprinzip,17-07-vererbungsprinzip,draft,de_complete,2,2026-04-09,True
LAP-17-08,hu,Standardbibliothek,17_Systementwicklung_und_Testkonzepte/08_Standardbibliothek/README.md,17,17_Systementwicklung_und_Testkonzepte,08,08_Standardbibliothek,17-08-standardbibliothek,draft,de_complete,2,2026-04-09,True
LAP-17-09,hu,Testkonzepte,17_Systementwicklung_und_Testkonzepte/09_Testkonzepte/README.md,17,17_Systementwicklung_und_Testkonzepte,09,09_Testkonzepte,17-09-testkonzepte,draft,de_complete,2,2026-04-09,True
LAP-17-10,hu,Auswertung eines Softwaretests,17_Systementwicklung_und_Testkonzepte/10_Auswertung_eines_Softwaretests/README.md,17,17_Systementwicklung_und_Testkonzepte,10,10_Auswertung_eines_Softwaretests,17-10-auswertung_eines_softwaretests,draft,de_complete,2,2026-04-09,True
LAP-17-11,hu,Test von Datenbankfeldern,17_Systementwicklung_und_Testkonzepte/11_Test_von_Datenbankfeldern/README.md,17,17_Systementwicklung_und_Testkonzepte,11,11_Test_von_Datenbankfeldern,17-11-test_von_datenbankfeldern,draft,de_complete,2,2026-04-09,True
LAP-17-12,hu,Reproduzierbare und nicht reproduzierbare Fehler,17_Systementwicklung_und_Testkonzepte/12_Reproduzierbare_und_nicht_reproduzierbare_Fehler/README.md,17,17_Systementwicklung_und_Testkonzepte,12,12_Reproduzierbare_und_nicht_reproduzierbare_Fehler,17-12-reproduzierbare_und_nicht_reproduzierbare_fehler,draft,de_complete,2,2026-04-09,True
LAP-17-13,hu,Automatisierung von Tests,17_Systementwicklung_und_Testkonzepte/13_Automatisierung_von_Tests/README.md,17,17_Systementwicklung_und_Testkonzepte,13,13_Automatisierung_von_Tests,17-13-automatisierung_von_tests,draft,de_complete,3,2026-04-09,True
LAP-18-01,hu,Anforderung und Setup,18_Uebungsbeispiel/01_Anforderung_und_Setup/README.md,18,18_Uebungsbeispiel,01,01_Anforderung_und_Setup,18-01-anforderung_und_setup,draft,de_complete,1,2026-04-09,True
LAP-18-02,hu,Eingabe-Formular mit Framework,18_Uebungsbeispiel/02_Eingabe_Formular_mit_Framework/README.md,18,18_Uebungsbeispiel,02,02_Eingabe_Formular_mit_Framework,18-02-eingabe_formular_mit_framework,draft,de_complete,3,2026-04-09,True
LAP-18-03,hu,Gueltigkeitspruefung der SV-Nummer,18_Uebungsbeispiel/03_Gueltigkeitspruefung_der_SV_Nummer/README.md,18,18_Uebungsbeispiel,03,03_Gueltigkeitspruefung_der_SV_Nummer,18-03-gueltigkeitspruefung_der_sv_nummer,draft,de_complete,2,2026-04-09,True
LAP-18-04,hu,Ausgabe eines QR-Codes,18_Uebungsbeispiel/04_Ausgabe_eines_QR_Codes/README.md,18,18_Uebungsbeispiel,04,04_Ausgabe_eines_QR_Codes,18-04-ausgabe_eines_qr_codes,draft,de_complete,2,2026-04-09,True
LAP-18-05,hu,QR-Code Pruefung und Tools,18_Uebungsbeispiel/05_QR_Code_Pruefung_und_Tools/README.md,18,18_Uebungsbeispiel,05,05_QR_Code_Pruefung_und_Tools,18-05-qr_code_pruefung_und_tools,draft,de_complete,2,2026-04-09,True
